time, x, y, heading, vel_x, vel_y, vel_heading,
0.008, -5.68781e-10, -4.41006e-08, 1.2239e-05, 0, 0, 0, 
0.016, -5.6711e-10, -4.40951e-08, 1.22392e-05, 2.08931e-10, 6.85951e-10, 2.33346e-08, 
0.024, -5.67616e-10, -4.40908e-08, 1.22388e-05, -6.33086e-11, 5.42306e-10, -4.78885e-08, 
0.032, -5.66267e-10, -4.40873e-08, 1.22383e-05, 1.6866e-10, 4.32333e-10, -6.3763e-08, 
0.04, -5.67972e-10, -4.40846e-08, 1.22379e-05, -2.13132e-10, 3.45591e-10, -5.48817e-08, 
0.048, -5.66305e-10, -4.40824e-08, 1.22376e-05, 2.0833e-10, 2.76473e-10, -4.11454e-08, 
0.056, -5.68405e-10, -4.40806e-08, 1.22373e-05, -2.62459e-10, 2.21226e-10, -2.62564e-08, 
0.064, -5.66362e-10, -4.40792e-08, 1.22372e-05, 2.5531e-10, 1.77026e-10, -1.61308e-08, 
0.072, -5.68651e-10, -4.4078e-08, 1.22372e-05, -2.86044e-10, 1.41655e-10, -6.9146e-09, 
0.08, -5.66352e-10, -4.40771e-08, 1.22371e-05, 2.87337e-10, 1.13347e-10, -2.50992e-09, 
0.088, -5.68764e-10, -4.40764e-08, 1.22372e-05, -3.01483e-10, 9.06937e-11, 2.25031e-09, 
0.096, -5.6631e-10, -4.40758e-08, 1.22372e-05, 3.06795e-10, 7.25647e-11, 3.15566e-09, 
0.104, -5.68809e-10, -4.40754e-08, 1.22372e-05, -3.12462e-10, 5.80581e-11, 5.5346e-09, 
0.112, -5.66263e-10, -4.4075e-08, 1.22373e-05, 3.1831e-10, 4.64494e-11, 4.70944e-09, 
0.12, -5.68825e-10, -4.40747e-08, 1.22373e-05, -3.20224e-10, 3.7161e-11, 6.01677e-09, 
0.128, -5.66224e-10, -4.40745e-08, 1.22374e-05, 3.25126e-10, 2.97297e-11, 4.45598e-09, 
0.136, -5.68828e-10, -4.40743e-08, 1.22374e-05, -3.25594e-10, 2.37829e-11, 5.37186e-09, 
0.144, -5.66195e-10, -4.40741e-08, 1.22374e-05, 3.29203e-10, 1.90256e-11, 3.5687e-09, 
0.152, -5.68829e-10, -4.4074e-08, 1.22375e-05, -3.29232e-10, 1.52191e-11, 4.40941e-09, 
0.16, -5.66175e-10, -4.40739e-08, 1.22375e-05, 3.31675e-10, 1.21743e-11, 2.5849e-09, 
0.168, -5.68828e-10, -4.40738e-08, 1.22375e-05, -3.31651e-10, 9.7379e-12, 3.47912e-09, 
0.176, -5.66163e-10, -4.40738e-08, 1.22375e-05, 3.33198e-10, 7.78863e-12, 1.71798e-09, 
0.184, -5.68829e-10, -4.40737e-08, 1.22375e-05, -3.33236e-10, 6.22976e-12, 2.70477e-09, 
0.192, -5.66155e-10, -4.40737e-08, 1.22376e-05, 3.34151e-10, 4.98236e-12, 1.02827e-09, 
0.2, -5.6883e-10, -4.40736e-08, 1.22376e-05, -3.34261e-10, 3.98515e-12, 2.1076e-09, 
0.208, -5.66151e-10, -4.40736e-08, 1.22376e-05, 3.34756e-10, 3.18665e-12, 5.10418e-10, 
0.216, -5.68831e-10, -4.40736e-08, 1.22376e-05, -3.34918e-10, 2.54792e-12, 1.66794e-09, 
0.224, -5.6615e-10, -4.40736e-08, 1.22376e-05, 3.35146e-10, 2.03821e-12, 1.35806e-10, 
0.232, -5.68832e-10, -4.40736e-08, 1.22376e-05, -3.35334e-10, 1.63035e-12, 1.35414e-09, 
0.24, -5.66149e-10, -4.40736e-08, 1.22376e-05, 3.35402e-10, 1.30296e-12, -1.28256e-10, 
0.248, -5.68834e-10, -4.40735e-08, 1.22376e-05, -3.35595e-10, 1.04191e-12, 1.13509e-09, 
0.256, -5.66149e-10, -4.40735e-08, 1.22376e-05, 3.35568e-10, 8.34005e-13, -3.10887e-10, 
0.264, -5.68835e-10, -4.40735e-08, 1.22376e-05, -3.35757e-10, 6.67123e-13, 9.84707e-10, 
0.272, -5.6615e-10, -4.40735e-08, 1.22376e-05, 3.3568e-10, 5.33174e-13, -4.35384e-10, 
0.28, -5.68837e-10, -4.40735e-08, 1.22376e-05, -3.35858e-10, 4.26535e-13, 8.82788e-10, 
0.288, -5.66151e-10, -4.40735e-08, 1.22376e-05, 3.35755e-10, 3.41032e-13, -5.19287e-10, 
0.296, -5.68838e-10, -4.40735e-08, 1.22376e-05, -3.35919e-10, 2.73351e-13, 8.14416e-10, 
0.304, -5.66152e-10, -4.40735e-08, 1.22376e-05, 3.35806e-10, 2.18434e-13, -5.75318e-10, 
0.312, -5.68839e-10, -4.40735e-08, 1.22376e-05, -3.35956e-10, 1.74154e-13, 7.68932e-10, 
0.32, -5.66153e-10, -4.40735e-08, 1.22376e-05, 3.3584e-10, 1.38994e-13, -6.12452e-10, 
0.328, -5.6884e-10, -4.40735e-08, 1.22376e-05, -3.35978e-10, 1.11862e-13, 7.38881e-10, 
0.336, -5.66154e-10, -4.40735e-08, 1.22376e-05, 3.35862e-10, 8.92862e-14, -6.36912e-10, 
0.344, -5.68841e-10, -4.40735e-08, 1.22376e-05, -3.35991e-10, 7.1428e-14, 7.19138e-10, 
0.352, -5.66154e-10, -4.40735e-08, 1.22376e-05, 3.35878e-10, 5.66809e-14, -6.52938e-10, 
0.36, -5.68842e-10, -4.40735e-08, 1.22376e-05, -3.35998e-10, 4.48356e-14, 7.06232e-10, 
0.368, -5.66155e-10, -4.40735e-08, 1.22376e-05, 3.35888e-10, 3.61101e-14, -6.63392e-10, 
0.376, -5.68843e-10, -4.40735e-08, 1.22376e-05, -3.36003e-10, 2.85988e-14, 6.97831e-10, 
0.384, -5.66156e-10, -4.40735e-08, 1.22376e-05, 3.35895e-10, 2.28411e-14, -6.70182e-10, 
0.392, -5.68844e-10, -4.40735e-08, 1.22376e-05, -3.36005e-10, 1.8273e-14, 6.9238e-10, 
0.4, -5.66157e-10, -4.40735e-08, 1.22376e-05, 3.35901e-10, 1.53533e-14, -6.74582e-10, 
0.408, -5.68845e-10, -4.40735e-08, 1.22376e-05, -3.36006e-10, 1.16192e-14, 6.88857e-10, 
0.416, -5.66158e-10, -4.40735e-08, 1.22376e-05, 3.35904e-10, 9.14203e-15, -6.77423e-10, 
0.424, -5.68846e-10, -4.40735e-08, 1.22376e-05, -3.36007e-10, 7.72939e-15, 6.86584e-10, 
0.432, -5.66159e-10, -4.40735e-08, 1.22376e-05, 3.35907e-10, 6.34301e-15, -6.79254e-10, 
0.44, -5.68847e-10, -4.40735e-08, 1.22376e-05, -3.36007e-10, 4.26756e-15, 6.8512e-10, 
0.448, -5.66159e-10, -4.40735e-08, 1.22376e-05, 3.35908e-10, 2.97965e-15, -6.80427e-10, 
0.456, -5.68847e-10, -4.40735e-08, 1.22376e-05, -3.36006e-10, 2.8094e-15, 6.84181e-10, 
0.464, -5.6616e-10, -4.40735e-08, 1.22376e-05, 3.3591e-10, 2.68361e-15, -6.81183e-10, 
0.472, -5.68848e-10, -4.40735e-08, 1.22376e-05, -3.36006e-10, 1.19728e-15, 6.8358e-10, 
0.48, -5.66161e-10, -4.40735e-08, 1.22376e-05, 3.35911e-10, 1.74531e-15, -6.81666e-10, 
0.488, -5.68849e-10, -4.40735e-08, 1.22376e-05, -3.36006e-10, 1.20829e-15, 6.83195e-10, 
0.496, -5.66162e-10, -4.40735e-08, 1.22376e-05, 3.35912e-10, 1.02766e-15, -6.81974e-10, 
0.504, -5.6885e-10, -4.40735e-08, 1.22376e-05, -3.36006e-10, 8.90232e-16, 6.82949e-10, 
0.512, -5.66162e-10, -4.40735e-08, 1.22376e-05, 3.35912e-10, 7.98964e-16, -6.82171e-10, 
0.52, -5.68851e-10, -4.40735e-08, 1.22376e-05, -3.36005e-10, -8.11034e-17, 6.82791e-10, 
0.528, -5.66163e-10, -4.40735e-08, 1.22376e-05, 3.35913e-10, 5.21984e-16, -6.82297e-10, 
0.536, -5.68851e-10, -4.40735e-08, 1.22376e-05, -3.36006e-10, 7.13837e-16, 6.82692e-10, 
0.544, -5.66164e-10, -4.40735e-08, 1.22376e-05, 3.35913e-10, 5.47607e-16, -6.82378e-10, 
0.552, -5.68852e-10, -4.40735e-08, 1.22376e-05, -3.36004e-10, -1.34043e-16, 6.82627e-10, 
0.56, -5.66165e-10, -4.40735e-08, 1.22376e-05, 3.35913e-10, 8.5995e-16, -6.82428e-10, 
0.568, -5.68853e-10, -4.40735e-08, 1.22376e-05, -3.36005e-10, -2.4564e-16, 6.82587e-10, 
0.576, -5.66165e-10, -4.40735e-08, 1.22376e-05, 3.35914e-10, -9.74088e-18, -6.82462e-10, 
0.584, -5.68853e-10, -4.40735e-08, 1.22376e-05, -3.36004e-10, -1.52042e-16, 6.82561e-10, 
0.592, -5.66166e-10, -4.40735e-08, 1.22376e-05, 3.35914e-10, -7.13837e-16, -6.82481e-10, 
0.6, -5.68854e-10, -4.40735e-08, 1.22376e-05, -3.36004e-10, -1.12444e-16, 6.82545e-10, 
0.608, -5.66167e-10, -4.40735e-08, 1.22376e-05, 3.35913e-10, -8.33269e-16, -6.82494e-10, 
0.616, -5.68855e-10, -4.40735e-08, 1.22376e-05, -3.36004e-10, 8.89385e-18, 6.82536e-10, 
0.624, -5.66168e-10, -4.40735e-08, 1.22376e-05, 3.35914e-10, -1.78512e-16, -6.82503e-10, 
0.632, -5.68856e-10, -4.40735e-08, 1.22376e-05, -3.36004e-10, -5.71747e-17, 6.82529e-10, 
0.64, -5.66168e-10, -4.40735e-08, 1.22376e-05, 3.35915e-10, -7.25272e-16, -6.82508e-10, 
0.648, -5.68856e-10, -4.40735e-08, 1.22376e-05, -3.36003e-10, -1.12444e-16, 6.82525e-10, 
0.656, -5.66169e-10, -4.40735e-08, 1.22376e-05, 3.35914e-10, -1.59666e-16, -6.82511e-10, 
0.664, -5.68857e-10, -4.40735e-08, 1.22376e-05, -3.36003e-10, -3.23567e-16, 6.8252e-10, 
0.672, -5.6617e-10, -4.40735e-08, 1.22376e-05, 3.35915e-10, -2.14723e-16, -6.82512e-10, 
0.68, -5.68858e-10, -4.40735e-08, 1.22376e-05, -3.36002e-10, -3.08955e-16, 6.82518e-10, 
0.688, -5.6617e-10, -4.40735e-08, 1.22376e-05, 3.35915e-10, -2.62792e-16, -6.82515e-10, 
0.696, -5.68858e-10, -4.40735e-08, 1.22376e-05, -3.36002e-10, -1.99688e-16, 6.82518e-10, 
0.704, -5.66171e-10, -4.40735e-08, 1.22376e-05, 3.35915e-10, -9.1056e-18, -6.82514e-10, 
0.712, -5.68859e-10, -4.40735e-08, 1.22376e-05, -3.36002e-10, -1.15408e-16, 6.82518e-10, 
0.72, -5.66172e-10, -4.40735e-08, 1.22376e-05, 3.35915e-10, -1.48231e-16, -6.82515e-10, 
0.728, -5.6886e-10, -4.40735e-08, 1.22376e-05, -3.36002e-10, -1.37008e-16, 6.82518e-10, 
0.736, -5.66172e-10, -4.40735e-08, 1.22376e-05, 3.35916e-10, -1.81053e-16, -6.82517e-10, 
0.744, -5.68861e-10, -4.40735e-08, 1.22376e-05, -3.36002e-10, -2.43522e-17, 6.82517e-10, 
0.752, -5.66173e-10, -4.40735e-08, 1.22376e-05, 3.35916e-10, -1.37431e-16, -6.82517e-10, 
0.76, -5.68861e-10, -4.40735e-08, 1.22376e-05, -3.36001e-10, -2.85874e-17, 6.82516e-10, 
0.768, -5.66174e-10, -4.40735e-08, 1.22376e-05, 3.35917e-10, 1.73642e-17, -6.82516e-10, 
0.776, -5.68862e-10, -4.40735e-08, 1.22376e-05, -3.36e-10, 1.40607e-16, 6.82517e-10, 
0.784, -5.66174e-10, -4.40735e-08, 1.22376e-05, 3.35917e-10, 1.33408e-17, -6.82515e-10, 
0.792, -5.68863e-10, -4.40735e-08, 1.22376e-05, -3.36e-10, 1.96935e-17, 6.82516e-10, 
0.8, -5.66175e-10, -4.40735e-08, 1.22376e-05, 3.35918e-10, 5.99276e-17, -6.82516e-10, 
0.808, -5.68863e-10, -4.40735e-08, 1.22376e-05, -3.36e-10, -8.42798e-17, 6.82516e-10, 
0.816, -5.66176e-10, -4.40735e-08, 1.22376e-05, 3.35917e-10, -1.31502e-16, -6.82516e-10, 
0.824, -5.68864e-10, -4.40735e-08, 1.22376e-05, -3.36e-10, 5.84876e-16, 6.82516e-10, 
0.832, -5.66176e-10, -4.40735e-08, 1.22376e-05, 3.35918e-10, -2.94344e-16, -6.82517e-10, 
0.84, -5.68864e-10, -4.40735e-08, 1.22376e-05, -3.36e-10, -2.65121e-16, 6.82515e-10, 
0.848, -5.66177e-10, -4.40735e-08, 1.22376e-05, 3.35918e-10, -1.28114e-16, -6.82516e-10, 
0.856, -5.68865e-10, -4.40735e-08, 1.22376e-05, -3.35998e-10, 5.59677e-16, 6.82515e-10, 
0.864, -5.66178e-10, -4.40735e-08, 1.22376e-05, 3.35918e-10, -1.55854e-16, -6.82515e-10, 
0.872, -5.68866e-10, -4.40735e-08, 1.22376e-05, -3.35998e-10, -1.57548e-16, 6.82516e-10, 
0.88, -5.66178e-10, -4.40735e-08, 1.22376e-05, 3.35918e-10, -1.30867e-16, -6.82515e-10, 
0.888, -5.68866e-10, -4.40735e-08, 1.22376e-05, -3.35999e-10, -1.31925e-16, 6.82517e-10, 
0.896, -5.66179e-10, -4.40735e-08, 1.22376e-05, 3.35918e-10, -1.47807e-16, -6.82515e-10, 
0.904, -5.68867e-10, -4.40735e-08, 1.22376e-05, -3.35998e-10, 6.36757e-16, 6.82515e-10, 
0.912, -5.6618e-10, -4.40735e-08, 1.22376e-05, 3.35919e-10, -2.3844e-16, -6.82517e-10, 
0.92, -5.68868e-10, -4.40735e-08, 1.22376e-05, -3.35998e-10, -1.70889e-16, 6.82515e-10, 
0.928, -5.6618e-10, -4.40735e-08, 1.22376e-05, 3.35919e-10, -1.09479e-16, -6.82516e-10, 
0.936, -5.68868e-10, -4.40735e-08, 1.22376e-05, -3.35997e-10, 5.77888e-16, 6.82515e-10, 
0.944, -5.66181e-10, -4.40735e-08, 1.22376e-05, 3.35919e-10, -7.60212e-17, -6.82515e-10, 
0.952, -5.68869e-10, -4.40735e-08, 1.22376e-05, -3.35998e-10, -7.45389e-17, 6.82516e-10, 
0.96, -5.66182e-10, -4.40735e-08, 1.22376e-05, 3.3592e-10, -4.42575e-17, -6.82515e-10, 
0.968, -5.6887e-10, -4.40735e-08, 1.22376e-05, -3.35997e-10, -9.78323e-17, 6.82515e-10, 
0.976, -5.66182e-10, -4.40735e-08, 1.22376e-05, 3.3592e-10, 1.18373e-16, -6.82515e-10, 
0.984, -5.6887e-10, -4.40735e-08, 1.22376e-05, -3.35997e-10, -5.29396e-18, 6.82516e-10, 
0.992, -5.66183e-10, -4.40735e-08, 1.22376e-05, 3.3592e-10, -1.46537e-16, -6.82516e-10, 
1, -5.66183e-10, -4.40735e-08, 1.22376e-05, 0, 0, 0, 
1.008, -5.66183e-10, -4.40735e-08, 1.22376e-05, 0, 0, 0, 
1.016, -5.66183e-10, -4.40735e-08, 1.22376e-05, 0, 0, 0, 
1.024, -5.66183e-10, -4.40735e-08, 1.22376e-05, 0, 0, 0, 
1.032, -5.66183e-10, -4.40735e-08, 1.22376e-05, 0, 0, 0, 
1.04, -5.66183e-10, -4.40735e-08, 1.22376e-05, 0, 0, 0, 
1.048, -5.66183e-10, -4.40735e-08, 1.22376e-05, 0, 0, 0, 
1.056, -5.66183e-10, -4.40735e-08, 1.22376e-05, 0, 0, 0, 
1.064, -5.66183e-10, -4.40735e-08, 1.22376e-05, 0, 0, 0, 
1.072, -5.66183e-10, -4.40735e-08, 1.22376e-05, 0, 0, 0, 
1.08, -5.66183e-10, -4.40735e-08, 1.22376e-05, 0, 0, 0, 
1.088, -5.66183e-10, -4.40735e-08, 1.22376e-05, 0, 0, 0, 
1.096, -5.66183e-10, -4.40735e-08, 1.22376e-05, 0, 0, 0, 
1.104, -5.66183e-10, -4.40735e-08, 1.22376e-05, 0, 0, 0, 
1.112, -5.66183e-10, -4.40735e-08, 1.22376e-05, 0, 0, 0, 
1.12, -5.66183e-10, -4.40735e-08, 1.22376e-05, 0, 0, 0, 
1.128, -5.66183e-10, -4.40735e-08, 1.22376e-05, 0, 0, 0, 
1.136, -5.66183e-10, -4.40735e-08, 1.22376e-05, 0, 0, 0, 
1.144, -5.66183e-10, -4.40735e-08, 1.22376e-05, 0, 0, 0, 
1.152, -5.66183e-10, -4.40735e-08, 1.22376e-05, 0, 0, 0, 
1.16, -5.66183e-10, -4.40735e-08, 1.22376e-05, 0, 0, 0, 
1.168, -5.66183e-10, -4.40735e-08, 1.22376e-05, 0, 0, 0, 
1.176, -5.66183e-10, -4.40735e-08, 1.22376e-05, 0, 0, 0, 
1.184, -5.66183e-10, -4.40735e-08, 1.22376e-05, 0, 0, 0, 
1.192, -5.66183e-10, -4.40735e-08, 1.22376e-05, 0, 0, 0, 
1.2, -5.66183e-10, -4.40735e-08, 1.22376e-05, 0, 0, 0, 
1.208, -5.66183e-10, -4.40735e-08, 1.22376e-05, 0, 0, 0, 
1.216, -5.66183e-10, -4.40735e-08, 1.22376e-05, 0, 0, 0, 
1.224, -5.66183e-10, -4.40735e-08, 1.22376e-05, 0, 0, 0, 
1.232, -5.66183e-10, -4.40735e-08, 1.22376e-05, 0, 0, 0, 
1.24, -5.66183e-10, -4.40735e-08, 1.22376e-05, 0, 0, 0, 
1.248, -5.66183e-10, -4.40735e-08, 1.22376e-05, 0, 0, 0, 
1.256, -5.66183e-10, -4.40735e-08, 1.22376e-05, 0, 0, 0, 
1.264, -5.66183e-10, -4.40735e-08, 1.22376e-05, 0, 0, 0, 
1.272, -5.66183e-10, -4.40735e-08, 1.22376e-05, 0, 0, 0, 
1.28, -5.66183e-10, -4.40735e-08, 1.22376e-05, 0, 0, 0, 
1.288, -5.66183e-10, -4.40735e-08, 1.22376e-05, 0, 0, 0, 
1.296, -5.66183e-10, -4.40735e-08, 1.22376e-05, 0, 0, 0, 
1.304, -5.66183e-10, -4.40735e-08, 1.22376e-05, 0, 0, 0, 
1.312, -5.66183e-10, -4.40735e-08, 1.22376e-05, 0, 0, 0, 
1.32, -5.66183e-10, -4.40735e-08, 1.22376e-05, 0, 0, 0, 
1.328, -5.66183e-10, -4.40735e-08, 1.22376e-05, 0, 0, 0, 
1.336, -5.66183e-10, -4.40735e-08, 1.22376e-05, 0, 0, 0, 
1.344, -5.66183e-10, -4.40735e-08, 1.22376e-05, 0, 0, 0, 
1.352, -5.66183e-10, -4.40735e-08, 1.22376e-05, 0, 0, 0, 
1.36, -5.66183e-10, -4.40735e-08, 1.22376e-05, 0, 0, 0, 
1.368, -5.66183e-10, -4.40735e-08, 1.22376e-05, 0, 0, 0, 
1.376, -5.66183e-10, -4.40735e-08, 1.22376e-05, 0, 0, 0, 
1.384, -5.66183e-10, -4.40735e-08, 1.22376e-05, 0, 0, 0, 
1.392, -5.66183e-10, -4.40735e-08, 1.22376e-05, 0, 0, 0, 
1.4, -5.66183e-10, -4.40735e-08, 1.22376e-05, 0, 0, 0, 
1.408, -5.66183e-10, -4.40735e-08, 1.22376e-05, 0, 0, 0, 
1.416, -5.66183e-10, -4.40735e-08, 1.22376e-05, 0, 0, 0, 
1.424, -5.66183e-10, -4.40735e-08, 1.22376e-05, 0, 0, 0, 
1.432, -5.66183e-10, -4.40735e-08, 1.22376e-05, 0, 0, 0, 
1.44, -5.66183e-10, -4.40735e-08, 1.22376e-05, 0, 0, 0, 
1.448, -5.66183e-10, -4.40735e-08, 1.22376e-05, 0, 0, 0, 
1.456, -5.66183e-10, -4.40735e-08, 1.22376e-05, 0, 0, 0, 
1.464, -5.66183e-10, -4.40735e-08, 1.22376e-05, 0, 0, 0, 
1.472, -5.66183e-10, -4.40735e-08, 1.22376e-05, 0, 0, 0, 
1.48, -5.66183e-10, -4.40735e-08, 1.22376e-05, 0, 0, 0, 
1.488, -5.66183e-10, -4.40735e-08, 1.22376e-05, 0, 0, 0, 
1.496, -5.66183e-10, -4.40735e-08, 1.22376e-05, 0, 0, 0, 
1.504, -5.66183e-10, -4.40735e-08, 1.22376e-05, 0, 0, 0, 
1.512, -5.66183e-10, -4.40735e-08, 1.22376e-05, 0, 0, 0, 
1.52, -5.66183e-10, -4.40735e-08, 1.22376e-05, 0, 0, 0, 
1.528, -5.66183e-10, -4.40735e-08, 1.22376e-05, 0, 0, 0, 
1.536, -5.66183e-10, -4.40735e-08, 1.22376e-05, 0, 0, 0, 
1.544, -5.66183e-10, -4.40735e-08, 1.22376e-05, 0, 0, 0, 
1.552, -5.66183e-10, -4.40735e-08, 1.22376e-05, 0, 0, 0, 
1.56, -5.66183e-10, -4.40735e-08, 1.22376e-05, 0, 0, 0, 
1.568, -5.66183e-10, -4.40735e-08, 1.22376e-05, 0, 0, 0, 
1.576, -5.66183e-10, -4.40735e-08, 1.22376e-05, 0, 0, 0, 
1.584, -5.66183e-10, -4.40735e-08, 1.22376e-05, 0, 0, 0, 
1.592, -5.66183e-10, -4.40735e-08, 1.22376e-05, 0, 0, 0, 
1.6, -5.66183e-10, -4.40735e-08, 1.22376e-05, 0, 0, 0, 
1.608, -5.66183e-10, -4.40735e-08, 1.22376e-05, 0, 0, 0, 
1.616, -5.66183e-10, -4.40735e-08, 1.22376e-05, 0, 0, 0, 
1.624, -5.66183e-10, -4.40735e-08, 1.22376e-05, 0, 0, 0, 
1.632, -5.66183e-10, -4.40735e-08, 1.22376e-05, 0, 0, 0, 
1.64, -5.66183e-10, -4.40735e-08, 1.22376e-05, 0, 0, 0, 
1.648, -5.66183e-10, -4.40735e-08, 1.22376e-05, 0, 0, 0, 
1.656, -5.66183e-10, -4.40735e-08, 1.22376e-05, 0, 0, 0, 
1.664, -5.66183e-10, -4.40735e-08, 1.22376e-05, 0, 0, 0, 
1.672, -5.66183e-10, -4.40735e-08, 1.22376e-05, 0, 0, 0, 
1.68, -5.66183e-10, -4.40735e-08, 1.22376e-05, 0, 0, 0, 
1.688, -5.66183e-10, -4.40735e-08, 1.22376e-05, 0, 0, 0, 
1.696, -5.66183e-10, -4.40735e-08, 1.22376e-05, 0, 0, 0, 
1.704, -5.66183e-10, -4.40735e-08, 1.22376e-05, 0, 0, 0, 
1.712, -5.66183e-10, -4.40735e-08, 1.22376e-05, 0, 0, 0, 
1.72, -5.66183e-10, -4.40735e-08, 1.22376e-05, 0, 0, 0, 
1.728, -5.66183e-10, -4.40735e-08, 1.22376e-05, 0, 0, 0, 
1.736, -5.66183e-10, -4.40735e-08, 1.22376e-05, 0, 0, 0, 
1.744, -5.66183e-10, -4.40735e-08, 1.22376e-05, 0, 0, 0, 
1.752, -5.66183e-10, -4.40735e-08, 1.22376e-05, 0, 0, 0, 
1.76, -5.66183e-10, -4.40735e-08, 1.22376e-05, 0, 0, 0, 
1.768, -5.66183e-10, -4.40735e-08, 1.22376e-05, 0, 0, 0, 
1.776, -5.66183e-10, -4.40735e-08, 1.22376e-05, 0, 0, 0, 
1.784, -5.66183e-10, -4.40735e-08, 1.22376e-05, 0, 0, 0, 
1.792, -5.66183e-10, -4.40735e-08, 1.22376e-05, 0, 0, 0, 
1.8, -5.66183e-10, -4.40735e-08, 1.22376e-05, 0, 0, 0, 
1.808, -5.66183e-10, -4.40735e-08, 1.22376e-05, 0, 0, 0, 
1.816, -5.66183e-10, -4.40735e-08, 1.22376e-05, 0, 0, 0, 
1.824, -5.66183e-10, -4.40735e-08, 1.22376e-05, 0, 0, 0, 
1.832, -5.66183e-10, -4.40735e-08, 1.22376e-05, 0, 0, 0, 
1.84, -5.66183e-10, -4.40735e-08, 1.22376e-05, 0, 0, 0, 
1.848, -5.66183e-10, -4.40735e-08, 1.22376e-05, 0, 0, 0, 
1.856, -5.66183e-10, -4.40735e-08, 1.22376e-05, 0, 0, 0, 
1.864, -5.66183e-10, -4.40735e-08, 1.22376e-05, 0, 0, 0, 
1.872, -5.66183e-10, -4.40735e-08, 1.22376e-05, 0, 0, 0, 
1.88, -5.66183e-10, -4.40735e-08, 1.22376e-05, 0, 0, 0, 
1.888, -5.66183e-10, -4.40735e-08, 1.22376e-05, 0, 0, 0, 
1.896, -5.66183e-10, -4.40735e-08, 1.22376e-05, 0, 0, 0, 
1.904, -5.66183e-10, -4.40735e-08, 1.22376e-05, 0, 0, 0, 
1.912, -5.66183e-10, -4.40735e-08, 1.22376e-05, 0, 0, 0, 
1.92, -5.66183e-10, -4.40735e-08, 1.22376e-05, 0, 0, 0, 
1.928, -5.66183e-10, -4.40735e-08, 1.22376e-05, 0, 0, 0, 
1.936, -5.66183e-10, -4.40735e-08, 1.22376e-05, 0, 0, 0, 
1.944, -5.66183e-10, -4.40735e-08, 1.22376e-05, 0, 0, 0, 
1.952, -5.66183e-10, -4.40735e-08, 1.22376e-05, 0, 0, 0, 
1.96, -5.66183e-10, -4.40735e-08, 1.22376e-05, 0, 0, 0, 
1.968, -5.66183e-10, -4.40735e-08, 1.22376e-05, 0, 0, 0, 
1.976, -5.66183e-10, -4.40735e-08, 1.22376e-05, 0, 0, 0, 
1.984, -5.66183e-10, -4.40735e-08, 1.22376e-05, 0, 0, 0, 
1.992, -5.66183e-10, -4.40735e-08, 1.22376e-05, 0, 0, 0, 
2, -5.66183e-10, -4.40735e-08, 1.22376e-05, 0, 0, 0, 
2.008, -5.66183e-10, -4.40735e-08, 1.22376e-05, 0, 0, 0, 
2.016, -5.66183e-10, -4.40735e-08, 1.22376e-05, 0, 0, 0, 
2.024, -5.66183e-10, -4.40735e-08, 1.22376e-05, 0, 0, 0, 
2.032, -5.66183e-10, -4.40735e-08, 1.22376e-05, 0, 0, 0, 
2.04, -5.66183e-10, -4.40735e-08, 1.22376e-05, 0, 0, 0, 
2.048, -5.66183e-10, -4.40735e-08, 1.22376e-05, 0, 0, 0, 
2.056, -5.66183e-10, -4.40735e-08, 1.22376e-05, 0, 0, 0, 
2.064, -5.66183e-10, -4.40735e-08, 1.22376e-05, 0, 0, 0, 
2.072, -5.66183e-10, -4.40735e-08, 1.22376e-05, 0, 0, 0, 
2.08, -5.66183e-10, -4.40735e-08, 1.22376e-05, 0, 0, 0, 
2.088, -5.66183e-10, -4.40735e-08, 1.22376e-05, 0, 0, 0, 
2.096, -5.66183e-10, -4.40735e-08, 1.22376e-05, 0, 0, 0, 
2.104, -5.66183e-10, -4.40735e-08, 1.22376e-05, 0, 0, 0, 
2.112, -5.66183e-10, -4.40735e-08, 1.22376e-05, 0, 0, 0, 
2.12, -5.66183e-10, -4.40735e-08, 1.22376e-05, 0, 0, 0, 
2.128, -5.66183e-10, -4.40735e-08, 1.22376e-05, 0, 0, 0, 
2.136, -5.66183e-10, -4.40735e-08, 1.22376e-05, 0, 0, 0, 
2.144, -5.66183e-10, -4.40735e-08, 1.22376e-05, 0, 0, 0, 
2.152, -5.66183e-10, -4.40735e-08, 1.22376e-05, 0, 0, 0, 
2.16, -5.66183e-10, -4.40735e-08, 1.22376e-05, 0, 0, 0, 
2.168, -5.66183e-10, -4.40735e-08, 1.22376e-05, 0, 0, 0, 
2.176, -5.66183e-10, -4.40735e-08, 1.22376e-05, 0, 0, 0, 
2.184, -5.66183e-10, -4.40735e-08, 1.22376e-05, 0, 0, 0, 
2.192, -5.66183e-10, -4.40735e-08, 1.22376e-05, 0, 0, 0, 
2.2, -5.66183e-10, -4.40735e-08, 1.22376e-05, 0, 0, 0, 
2.208, -5.66183e-10, -4.40735e-08, 1.22376e-05, 0, 0, 0, 
2.216, -5.66183e-10, -4.40735e-08, 1.22376e-05, 0, 0, 0, 
2.224, -5.66183e-10, -4.40735e-08, 1.22376e-05, 0, 0, 0, 
2.232, -5.66183e-10, -4.40735e-08, 1.22376e-05, 0, 0, 0, 
2.24, -5.66183e-10, -4.40735e-08, 1.22376e-05, 0, 0, 0, 
2.248, -5.66183e-10, -4.40735e-08, 1.22376e-05, 0, 0, 0, 
2.256, -5.66183e-10, -4.40735e-08, 1.22376e-05, 0, 0, 0, 
2.264, -5.66183e-10, -4.40735e-08, 1.22376e-05, 0, 0, 0, 
2.272, -5.66183e-10, -4.40735e-08, 1.22376e-05, 0, 0, 0, 
2.28, -5.66183e-10, -4.40735e-08, 1.22376e-05, 0, 0, 0, 
2.288, -5.66183e-10, -4.40735e-08, 1.22376e-05, 0, 0, 0, 
2.296, -5.66183e-10, -4.40735e-08, 1.22376e-05, 0, 0, 0, 
2.304, -5.66183e-10, -4.40735e-08, 1.22376e-05, 0, 0, 0, 
2.312, -5.66183e-10, -4.40735e-08, 1.22376e-05, 0, 0, 0, 
2.32, -5.66183e-10, -4.40735e-08, 1.22376e-05, 0, 0, 0, 
2.328, -5.66183e-10, -4.40735e-08, 1.22376e-05, 0, 0, 0, 
2.336, -5.66183e-10, -4.40735e-08, 1.22376e-05, 0, 0, 0, 
2.344, -5.66183e-10, -4.40735e-08, 1.22376e-05, 0, 0, 0, 
2.352, -5.66183e-10, -4.40735e-08, 1.22376e-05, 0, 0, 0, 
2.36, -5.66183e-10, -4.40735e-08, 1.22376e-05, 0, 0, 0, 
2.368, -5.66183e-10, -4.40735e-08, 1.22376e-05, 0, 0, 0, 
2.376, -5.66183e-10, -4.40735e-08, 1.22376e-05, 0, 0, 0, 
2.384, -5.66183e-10, -4.40735e-08, 1.22376e-05, 0, 0, 0, 
2.392, -5.66183e-10, -4.40735e-08, 1.22376e-05, 0, 0, 0, 
2.4, -5.66183e-10, -4.40735e-08, 1.22376e-05, 0, 0, 0, 
2.408, -5.66183e-10, -4.40735e-08, 1.22376e-05, 0, 0, 0, 
2.416, -5.66183e-10, -4.40735e-08, 1.22376e-05, 0, 0, 0, 
2.424, -5.66183e-10, -4.40735e-08, 1.22376e-05, 0, 0, 0, 
2.432, -5.66183e-10, -4.40735e-08, 1.22376e-05, 0, 0, 0, 
2.44, -5.66183e-10, -4.40735e-08, 1.22376e-05, 0, 0, 0, 
2.448, -5.66183e-10, -4.40735e-08, 1.22376e-05, 0, 0, 0, 
2.456, -5.66183e-10, -4.40735e-08, 1.22376e-05, 0, 0, 0, 
2.464, -5.66183e-10, -4.40735e-08, 1.22376e-05, 0, 0, 0, 
2.472, -5.66183e-10, -4.40735e-08, 1.22376e-05, 0, 0, 0, 
2.48, -5.66183e-10, -4.40735e-08, 1.22376e-05, 0, 0, 0, 
2.488, -5.66183e-10, -4.40735e-08, 1.22376e-05, 0, 0, 0, 
2.496, -5.66183e-10, -4.40735e-08, 1.22376e-05, 0, 0, 0, 
2.504, -5.66183e-10, -4.40735e-08, 1.22376e-05, 0, 0, 0, 
2.512, -5.66183e-10, -4.40735e-08, 1.22376e-05, 0, 0, 0, 
2.52, -5.66183e-10, -4.40735e-08, 1.22376e-05, 0, 0, 0, 
2.528, -5.66183e-10, -4.40735e-08, 1.22376e-05, 0, 0, 0, 
2.536, -5.66183e-10, -4.40735e-08, 1.22376e-05, 0, 0, 0, 
2.544, -5.66183e-10, -4.40735e-08, 1.22376e-05, 0, 0, 0, 
2.552, -5.66183e-10, -4.40735e-08, 1.22376e-05, 0, 0, 0, 
2.56, -5.66183e-10, -4.40735e-08, 1.22376e-05, 0, 0, 0, 
2.568, -5.66183e-10, -4.40735e-08, 1.22376e-05, 0, 0, 0, 
2.576, -5.66183e-10, -4.40735e-08, 1.22376e-05, 0, 0, 0, 
2.584, -5.66183e-10, -4.40735e-08, 1.22376e-05, 0, 0, 0, 
2.592, -5.66183e-10, -4.40735e-08, 1.22376e-05, 0, 0, 0, 
2.6, -5.66183e-10, -4.40735e-08, 1.22376e-05, 0, 0, 0, 
2.608, -5.66183e-10, -4.40735e-08, 1.22376e-05, 0, 0, 0, 
2.616, -5.66183e-10, -4.40735e-08, 1.22376e-05, 0, 0, 0, 
2.624, -5.66183e-10, -4.40735e-08, 1.22376e-05, 0, 0, 0, 
2.632, -5.66183e-10, -4.40735e-08, 1.22376e-05, 0, 0, 0, 
2.64, -5.66183e-10, -4.40735e-08, 1.22376e-05, 0, 0, 0, 
2.648, -5.66183e-10, -4.40735e-08, 1.22376e-05, 0, 0, 0, 
2.656, -5.66183e-10, -4.40735e-08, 1.22376e-05, 0, 0, 0, 
2.664, -5.66183e-10, -4.40735e-08, 1.22376e-05, 0, 0, 0, 
2.672, -5.66183e-10, -4.40735e-08, 1.22376e-05, 0, 0, 0, 
2.68, -5.66183e-10, -4.40735e-08, 1.22376e-05, 0, 0, 0, 
2.688, -5.66183e-10, -4.40735e-08, 1.22376e-05, 0, 0, 0, 
2.696, -5.66183e-10, -4.40735e-08, 1.22376e-05, 0, 0, 0, 
2.704, -5.66183e-10, -4.40735e-08, 1.22376e-05, 0, 0, 0, 
2.712, -5.66183e-10, -4.40735e-08, 1.22376e-05, 0, 0, 0, 
2.72, -5.66183e-10, -4.40735e-08, 1.22376e-05, 0, 0, 0, 
2.728, -5.66183e-10, -4.40735e-08, 1.22376e-05, 0, 0, 0, 
2.736, -5.66183e-10, -4.40735e-08, 1.22376e-05, 0, 0, 0, 
2.744, -5.66183e-10, -4.40735e-08, 1.22376e-05, 0, 0, 0, 
2.752, -5.66183e-10, -4.40735e-08, 1.22376e-05, 0, 0, 0, 
2.76, -5.66183e-10, -4.40735e-08, 1.22376e-05, 0, 0, 0, 
2.768, -5.66183e-10, -4.40735e-08, 1.22376e-05, 0, 0, 0, 
2.776, -5.66183e-10, -4.40735e-08, 1.22376e-05, 0, 0, 0, 
2.784, -5.66183e-10, -4.40735e-08, 1.22376e-05, 0, 0, 0, 
2.792, -5.66183e-10, -4.40735e-08, 1.22376e-05, 0, 0, 0, 
2.8, -5.66183e-10, -4.40735e-08, 1.22376e-05, 0, 0, 0, 
2.808, -5.66183e-10, -4.40735e-08, 1.22376e-05, 0, 0, 0, 
2.816, -5.66183e-10, -4.40735e-08, 1.22376e-05, 0, 0, 0, 
2.824, -5.66183e-10, -4.40735e-08, 1.22376e-05, 0, 0, 0, 
2.832, -5.66183e-10, -4.40735e-08, 1.22376e-05, 0, 0, 0, 
2.84, -5.66183e-10, -4.40735e-08, 1.22376e-05, 0, 0, 0, 
2.848, -5.66183e-10, -4.40735e-08, 1.22376e-05, 0, 0, 0, 
2.856, -5.66183e-10, -4.40735e-08, 1.22376e-05, 0, 0, 0, 
2.864, -5.66183e-10, -4.40735e-08, 1.22376e-05, 0, 0, 0, 
2.872, -5.66183e-10, -4.40735e-08, 1.22376e-05, 0, 0, 0, 
2.88, -5.66183e-10, -4.40735e-08, 1.22376e-05, 0, 0, 0, 
2.888, -5.66183e-10, -4.40735e-08, 1.22376e-05, 0, 0, 0, 
2.896, -5.66183e-10, -4.40735e-08, 1.22376e-05, 0, 0, 0, 
2.904, -5.66183e-10, -4.40735e-08, 1.22376e-05, 0, 0, 0, 
2.912, -5.66183e-10, -4.40735e-08, 1.22376e-05, 0, 0, 0, 
2.92, -5.66183e-10, -4.40735e-08, 1.22376e-05, 0, 0, 0, 
2.928, -5.66183e-10, -4.40735e-08, 1.22376e-05, 0, 0, 0, 
2.936, -5.66183e-10, -4.40735e-08, 1.22376e-05, 0, 0, 0, 
2.944, -5.66183e-10, -4.40735e-08, 1.22376e-05, 0, 0, 0, 
2.952, -5.66183e-10, -4.40735e-08, 1.22376e-05, 0, 0, 0, 
2.96, -5.66183e-10, -4.40735e-08, 1.22376e-05, 0, 0, 0, 
2.968, -5.66183e-10, -4.40735e-08, 1.22376e-05, 0, 0, 0, 
2.976, -5.66183e-10, -4.40735e-08, 1.22376e-05, 0, 0, 0, 
2.984, -5.66183e-10, -4.40735e-08, 1.22376e-05, 0, 0, 0, 
2.992, -5.66183e-10, -4.40735e-08, 1.22376e-05, 0, 0, 0, 
3, -5.66183e-10, -4.40735e-08, 1.22376e-05, 0, 0, 0, 
3.008, -5.66183e-10, -4.40735e-08, 1.22376e-05, 0, 0, 0, 
3.016, -5.66183e-10, -4.40735e-08, 1.22376e-05, 0, 0, 0, 
3.024, -5.66183e-10, -4.40735e-08, 1.22376e-05, 0, 0, 0, 
3.032, -5.66183e-10, -4.40735e-08, 1.22376e-05, 0, 0, 0, 
3.04, -5.66183e-10, -4.40735e-08, 1.22376e-05, 0, 0, 0, 
3.048, -5.66183e-10, -4.40735e-08, 1.22376e-05, 0, 0, 0, 
3.056, -5.66183e-10, -4.40735e-08, 1.22376e-05, 0, 0, 0, 
3.064, -5.66183e-10, -4.40735e-08, 1.22376e-05, 0, 0, 0, 
3.072, -5.66183e-10, -4.40735e-08, 1.22376e-05, 0, 0, 0, 
3.08, -5.66183e-10, -4.40735e-08, 1.22376e-05, 0, 0, 0, 
3.088, -5.66183e-10, -4.40735e-08, 1.22376e-05, 0, 0, 0, 
3.096, -5.66183e-10, -4.40735e-08, 1.22376e-05, 0, 0, 0, 
3.104, -5.66183e-10, -4.40735e-08, 1.22376e-05, 0, 0, 0, 
3.112, -5.66183e-10, -4.40735e-08, 1.22376e-05, 0, 0, 0, 
3.12, -5.66183e-10, -4.40735e-08, 1.22376e-05, 0, 0, 0, 
3.128, -5.66183e-10, -4.40735e-08, 1.22376e-05, 0, 0, 0, 
3.136, -5.66183e-10, -4.40735e-08, 1.22376e-05, 0, 0, 0, 
3.144, -5.66183e-10, -4.40735e-08, 1.22376e-05, 0, 0, 0, 
3.152, -5.66183e-10, -4.40735e-08, 1.22376e-05, 0, 0, 0, 
3.16, -5.66183e-10, -4.40735e-08, 1.22376e-05, 0, 0, 0, 
3.168, -5.66183e-10, -4.40735e-08, 1.22376e-05, 0, 0, 0, 
3.176, -5.66183e-10, -4.40735e-08, 1.22376e-05, 0, 0, 0, 
3.184, -5.66183e-10, -4.40735e-08, 1.22376e-05, 0, 0, 0, 
3.192, -5.66183e-10, -4.40735e-08, 1.22376e-05, 0, 0, 0, 
3.2, -5.66183e-10, -4.40735e-08, 1.22376e-05, 0, 0, 0, 
3.208, -5.66183e-10, -4.40735e-08, 1.22376e-05, 0, 0, 0, 
3.216, -5.66183e-10, -4.40735e-08, 1.22376e-05, 0, 0, 0, 
3.224, -5.66183e-10, -4.40735e-08, 1.22376e-05, 0, 0, 0, 
3.232, -5.66183e-10, -4.40735e-08, 1.22376e-05, 0, 0, 0, 
3.24, -5.66183e-10, -4.40735e-08, 1.22376e-05, 0, 0, 0, 
3.248, -5.66183e-10, -4.40735e-08, 1.22376e-05, 0, 0, 0, 
3.256, -5.66183e-10, -4.40735e-08, 1.22376e-05, 0, 0, 0, 
3.264, -5.66183e-10, -4.40735e-08, 1.22376e-05, 0, 0, 0, 
3.272, -5.66183e-10, -4.40735e-08, 1.22376e-05, 0, 0, 0, 
3.28, -5.66183e-10, -4.40735e-08, 1.22376e-05, 0, 0, 0, 
3.288, -5.66183e-10, -4.40735e-08, 1.22376e-05, 0, 0, 0, 
3.296, -5.66183e-10, -4.40735e-08, 1.22376e-05, 0, 0, 0, 
3.304, -5.66183e-10, -4.40735e-08, 1.22376e-05, 0, 0, 0, 
3.312, -5.66183e-10, -4.40735e-08, 1.22376e-05, 0, 0, 0, 
3.32, -5.66183e-10, -4.40735e-08, 1.22376e-05, 0, 0, 0, 
3.328, -5.66183e-10, -4.40735e-08, 1.22376e-05, 0, 0, 0, 
3.336, -5.66183e-10, -4.40735e-08, 1.22376e-05, 0, 0, 0, 
3.344, -5.66183e-10, -4.40735e-08, 1.22376e-05, 0, 0, 0, 
3.352, -5.66183e-10, -4.40735e-08, 1.22376e-05, 0, 0, 0, 
3.36, -5.66183e-10, -4.40735e-08, 1.22376e-05, 0, 0, 0, 
3.368, -5.66183e-10, -4.40735e-08, 1.22376e-05, 0, 0, 0, 
3.376, -5.66183e-10, -4.40735e-08, 1.22376e-05, 0, 0, 0, 
3.384, -5.66183e-10, -4.40735e-08, 1.22376e-05, 0, 0, 0, 
3.392, -5.66183e-10, -4.40735e-08, 1.22376e-05, 0, 0, 0, 
3.4, -5.66183e-10, -4.40735e-08, 1.22376e-05, 0, 0, 0, 
3.408, -5.66183e-10, -4.40735e-08, 1.22376e-05, 0, 0, 0, 
3.416, -5.66183e-10, -4.40735e-08, 1.22376e-05, 0, 0, 0, 
3.424, -5.66183e-10, -4.40735e-08, 1.22376e-05, 0, 0, 0, 
3.432, -5.66183e-10, -4.40735e-08, 1.22376e-05, 0, 0, 0, 
3.44, -5.66183e-10, -4.40735e-08, 1.22376e-05, 0, 0, 0, 
3.448, -5.66183e-10, -4.40735e-08, 1.22376e-05, 0, 0, 0, 
3.456, -5.66183e-10, -4.40735e-08, 1.22376e-05, 0, 0, 0, 
3.464, -5.66183e-10, -4.40735e-08, 1.22376e-05, 0, 0, 0, 
3.472, -5.66183e-10, -4.40735e-08, 1.22376e-05, 0, 0, 0, 
3.48, -5.66183e-10, -4.40735e-08, 1.22376e-05, 0, 0, 0, 
3.488, -5.66183e-10, -4.40735e-08, 1.22376e-05, 0, 0, 0, 
3.496, -5.66183e-10, -4.40735e-08, 1.22376e-05, 0, 0, 0, 
3.504, -5.66183e-10, -4.40735e-08, 1.22376e-05, 0, 0, 0, 
3.512, -5.66183e-10, -4.40735e-08, 1.22376e-05, 0, 0, 0, 
3.52, -5.66183e-10, -4.40735e-08, 1.22376e-05, 0, 0, 0, 
3.528, -5.66183e-10, -4.40735e-08, 1.22376e-05, 0, 0, 0, 
3.536, -5.66183e-10, -4.40735e-08, 1.22376e-05, 0, 0, 0, 
3.544, -5.66183e-10, -4.40735e-08, 1.22376e-05, 0, 0, 0, 
3.552, -5.66183e-10, -4.40735e-08, 1.22376e-05, 0, 0, 0, 
3.56, -5.66183e-10, -4.40735e-08, 1.22376e-05, 0, 0, 0, 
3.568, -5.66183e-10, -4.40735e-08, 1.22376e-05, 0, 0, 0, 
3.576, -5.66183e-10, -4.40735e-08, 1.22376e-05, 0, 0, 0, 
3.584, -5.66183e-10, -4.40735e-08, 1.22376e-05, 0, 0, 0, 
3.592, -5.66183e-10, -4.40735e-08, 1.22376e-05, 0, 0, 0, 
3.6, -5.66183e-10, -4.40735e-08, 1.22376e-05, 0, 0, 0, 
3.608, -5.66183e-10, -4.40735e-08, 1.22376e-05, 0, 0, 0, 
3.616, -5.66183e-10, -4.40735e-08, 1.22376e-05, 0, 0, 0, 
3.624, -5.66183e-10, -4.40735e-08, 1.22376e-05, 0, 0, 0, 
3.632, -5.66183e-10, -4.40735e-08, 1.22376e-05, 0, 0, 0, 
3.64, -5.66183e-10, -4.40735e-08, 1.22376e-05, 0, 0, 0, 
3.648, -5.66183e-10, -4.40735e-08, 1.22376e-05, 0, 0, 0, 
3.656, -5.66183e-10, -4.40735e-08, 1.22376e-05, 0, 0, 0, 
3.664, -5.66183e-10, -4.40735e-08, 1.22376e-05, 0, 0, 0, 
3.672, -5.66183e-10, -4.40735e-08, 1.22376e-05, 0, 0, 0, 
3.68, -5.66183e-10, -4.40735e-08, 1.22376e-05, 0, 0, 0, 
3.688, -5.66183e-10, -4.40735e-08, 1.22376e-05, 0, 0, 0, 
3.696, -5.66183e-10, -4.40735e-08, 1.22376e-05, 0, 0, 0, 
3.704, -5.66183e-10, -4.40735e-08, 1.22376e-05, 0, 0, 0, 
3.712, -5.66183e-10, -4.40735e-08, 1.22376e-05, 0, 0, 0, 
3.72, -5.66183e-10, -4.40735e-08, 1.22376e-05, 0, 0, 0, 
3.728, -5.66183e-10, -4.40735e-08, 1.22376e-05, 0, 0, 0, 
3.736, -5.66183e-10, -4.40735e-08, 1.22376e-05, 0, 0, 0, 
3.744, -5.66183e-10, -4.40735e-08, 1.22376e-05, 0, 0, 0, 
3.752, -5.66183e-10, -4.40735e-08, 1.22376e-05, 0, 0, 0, 
3.76, -5.66183e-10, -4.40735e-08, 1.22376e-05, 0, 0, 0, 
3.768, -5.66183e-10, -4.40735e-08, 1.22376e-05, 0, 0, 0, 
3.776, -5.66183e-10, -4.40735e-08, 1.22376e-05, 0, 0, 0, 
3.784, -5.66183e-10, -4.40735e-08, 1.22376e-05, 0, 0, 0, 
3.792, -5.66183e-10, -4.40735e-08, 1.22376e-05, 0, 0, 0, 
3.8, -5.66183e-10, -4.40735e-08, 1.22376e-05, 0, 0, 0, 
3.808, -5.66183e-10, -4.40735e-08, 1.22376e-05, 0, 0, 0, 
3.816, -5.66183e-10, -4.40735e-08, 1.22376e-05, 0, 0, 0, 
3.824, -5.66183e-10, -4.40735e-08, 1.22376e-05, 0, 0, 0, 
3.832, -5.66183e-10, -4.40735e-08, 1.22376e-05, 0, 0, 0, 
3.84, -5.66183e-10, -4.40735e-08, 1.22376e-05, 0, 0, 0, 
3.848, -5.66183e-10, -4.40735e-08, 1.22376e-05, 0, 0, 0, 
3.856, -5.66183e-10, -4.40735e-08, 1.22376e-05, 0, 0, 0, 
3.864, -5.66183e-10, -4.40735e-08, 1.22376e-05, 0, 0, 0, 
3.872, -5.66183e-10, -4.40735e-08, 1.22376e-05, 0, 0, 0, 
3.88, -5.66183e-10, -4.40735e-08, 1.22376e-05, 0, 0, 0, 
3.888, -5.66183e-10, -4.40735e-08, 1.22376e-05, 0, 0, 0, 
3.896, -5.66183e-10, -4.40735e-08, 1.22376e-05, 0, 0, 0, 
3.904, -5.66183e-10, -4.40735e-08, 1.22376e-05, 0, 0, 0, 
3.912, -5.66183e-10, -4.40735e-08, 1.22376e-05, 0, 0, 0, 
3.92, -5.66183e-10, -4.40735e-08, 1.22376e-05, 0, 0, 0, 
3.928, -5.66183e-10, -4.40735e-08, 1.22376e-05, 0, 0, 0, 
3.936, -5.66183e-10, -4.40735e-08, 1.22376e-05, 0, 0, 0, 
3.944, -5.66183e-10, -4.40735e-08, 1.22376e-05, 0, 0, 0, 
3.952, -5.66183e-10, -4.40735e-08, 1.22376e-05, 0, 0, 0, 
3.96, -5.66183e-10, -4.40735e-08, 1.22376e-05, 0, 0, 0, 
3.968, -5.66183e-10, -4.40735e-08, 1.22376e-05, 0, 0, 0, 
3.976, -5.66183e-10, -4.40735e-08, 1.22376e-05, 0, 0, 0, 
3.984, -5.66183e-10, -4.40735e-08, 1.22376e-05, 0, 0, 0, 
3.992, -5.66183e-10, -4.40735e-08, 1.22376e-05, 0, 0, 0, 
4, -5.66183e-10, -4.40735e-08, 1.22376e-05, 0, 0, 0, 
4.008, -5.66183e-10, -4.40735e-08, 1.22376e-05, 0, 0, 0, 
4.016, -5.66183e-10, -4.40735e-08, 1.22376e-05, 0, 0, 0, 
4.024, -5.66183e-10, -4.40735e-08, 1.22376e-05, 0, 0, 0, 
4.032, -5.66183e-10, -4.40735e-08, 1.22376e-05, 0, 0, 0, 
4.04, -5.66183e-10, -4.40735e-08, 1.22376e-05, 0, 0, 0, 
4.048, -5.66183e-10, -4.40735e-08, 1.22376e-05, 0, 0, 0, 
4.056, -5.66183e-10, -4.40735e-08, 1.22376e-05, 0, 0, 0, 
4.064, -5.66183e-10, -4.40735e-08, 1.22376e-05, 0, 0, 0, 
4.072, -5.66183e-10, -4.40735e-08, 1.22376e-05, 0, 0, 0, 
4.08, -5.66183e-10, -4.40735e-08, 1.22376e-05, 0, 0, 0, 
4.088, -5.66183e-10, -4.40735e-08, 1.22376e-05, 0, 0, 0, 
4.096, -5.66183e-10, -4.40735e-08, 1.22376e-05, 0, 0, 0, 
4.104, -5.66183e-10, -4.40735e-08, 1.22376e-05, 0, 0, 0, 
4.112, -5.66183e-10, -4.40735e-08, 1.22376e-05, 0, 0, 0, 
4.12, -5.66183e-10, -4.40735e-08, 1.22376e-05, 0, 0, 0, 
4.128, -5.66183e-10, -4.40735e-08, 1.22376e-05, 0, 0, 0, 
4.136, -5.66183e-10, -4.40735e-08, 1.22376e-05, 0, 0, 0, 
4.144, -5.66183e-10, -4.40735e-08, 1.22376e-05, 0, 0, 0, 
4.152, -5.66183e-10, -4.40735e-08, 1.22376e-05, 0, 0, 0, 
4.16, -5.66183e-10, -4.40735e-08, 1.22376e-05, 0, 0, 0, 
4.168, -5.66183e-10, -4.40735e-08, 1.22376e-05, 0, 0, 0, 
4.176, -5.66183e-10, -4.40735e-08, 1.22376e-05, 0, 0, 0, 
4.184, -5.66183e-10, -4.40735e-08, 1.22376e-05, 0, 0, 0, 
4.192, -5.66183e-10, -4.40735e-08, 1.22376e-05, 0, 0, 0, 
4.2, -5.66183e-10, -4.40735e-08, 1.22376e-05, 0, 0, 0, 
4.208, -5.66183e-10, -4.40735e-08, 1.22376e-05, 0, 0, 0, 
4.216, -5.66183e-10, -4.40735e-08, 1.22376e-05, 0, 0, 0, 
4.224, -5.66183e-10, -4.40735e-08, 1.22376e-05, 0, 0, 0, 
4.232, -5.66183e-10, -4.40735e-08, 1.22376e-05, 0, 0, 0, 
4.24, -5.66183e-10, -4.40735e-08, 1.22376e-05, 0, 0, 0, 
4.248, -5.66183e-10, -4.40735e-08, 1.22376e-05, 0, 0, 0, 
4.256, -5.66183e-10, -4.40735e-08, 1.22376e-05, 0, 0, 0, 
4.264, -5.66183e-10, -4.40735e-08, 1.22376e-05, 0, 0, 0, 
4.272, -5.66183e-10, -4.40735e-08, 1.22376e-05, 0, 0, 0, 
4.28, -5.66183e-10, -4.40735e-08, 1.22376e-05, 0, 0, 0, 
4.288, -5.66183e-10, -4.40735e-08, 1.22376e-05, 0, 0, 0, 
4.296, -5.66183e-10, -4.40735e-08, 1.22376e-05, 0, 0, 0, 
4.304, -5.66183e-10, -4.40735e-08, 1.22376e-05, 0, 0, 0, 
4.312, -5.66183e-10, -4.40735e-08, 1.22376e-05, 0, 0, 0, 
4.32, -5.66183e-10, -4.40735e-08, 1.22376e-05, 0, 0, 0, 
4.328, -5.66183e-10, -4.40735e-08, 1.22376e-05, 0, 0, 0, 
4.336, -5.66183e-10, -4.40735e-08, 1.22376e-05, 0, 0, 0, 
4.344, -5.66183e-10, -4.40735e-08, 1.22376e-05, 0, 0, 0, 
4.352, -5.66183e-10, -4.40735e-08, 1.22376e-05, 0, 0, 0, 
4.36, -5.66183e-10, -4.40735e-08, 1.22376e-05, 0, 0, 0, 
4.368, -5.66183e-10, -4.40735e-08, 1.22376e-05, 0, 0, 0, 
4.376, -5.66183e-10, -4.40735e-08, 1.22376e-05, 0, 0, 0, 
4.384, -5.66183e-10, -4.40735e-08, 1.22376e-05, 0, 0, 0, 
4.392, -5.66183e-10, -4.40735e-08, 1.22376e-05, 0, 0, 0, 
4.4, -5.66183e-10, -4.40735e-08, 1.22376e-05, 0, 0, 0, 
4.408, -5.66183e-10, -4.40735e-08, 1.22376e-05, 0, 0, 0, 
4.416, -5.66183e-10, -4.40735e-08, 1.22376e-05, 0, 0, 0, 
4.424, -5.66183e-10, -4.40735e-08, 1.22376e-05, 0, 0, 0, 
4.432, -5.66183e-10, -4.40735e-08, 1.22376e-05, 0, 0, 0, 
4.44, -5.66183e-10, -4.40735e-08, 1.22376e-05, 0, 0, 0, 
4.448, -5.66183e-10, -4.40735e-08, 1.22376e-05, 0, 0, 0, 
4.456, -5.66183e-10, -4.40735e-08, 1.22376e-05, 0, 0, 0, 
4.464, -5.66183e-10, -4.40735e-08, 1.22376e-05, 0, 0, 0, 
4.472, -5.66183e-10, -4.40735e-08, 1.22376e-05, 0, 0, 0, 
4.48, -5.66183e-10, -4.40735e-08, 1.22376e-05, 0, 0, 0, 
4.488, -5.66183e-10, -4.40735e-08, 1.22376e-05, 0, 0, 0, 
4.496, -5.66183e-10, -4.40735e-08, 1.22376e-05, 0, 0, 0, 
4.504, -5.66183e-10, -4.40735e-08, 1.22376e-05, 0, 0, 0, 
4.512, -5.66183e-10, -4.40735e-08, 1.22376e-05, 0, 0, 0, 
4.52, -5.66183e-10, -4.40735e-08, 1.22376e-05, 0, 0, 0, 
4.528, -5.66183e-10, -4.40735e-08, 1.22376e-05, 0, 0, 0, 
4.536, -5.66183e-10, -4.40735e-08, 1.22376e-05, 0, 0, 0, 
4.544, -5.66183e-10, -4.40735e-08, 1.22376e-05, 0, 0, 0, 
4.552, -5.66183e-10, -4.40735e-08, 1.22376e-05, 0, 0, 0, 
4.56, -5.66183e-10, -4.40735e-08, 1.22376e-05, 0, 0, 0, 
4.568, -5.66183e-10, -4.40735e-08, 1.22376e-05, 0, 0, 0, 
4.576, -5.66183e-10, -4.40735e-08, 1.22376e-05, 0, 0, 0, 
4.584, -5.66183e-10, -4.40735e-08, 1.22376e-05, 0, 0, 0, 
4.592, -5.66183e-10, -4.40735e-08, 1.22376e-05, 0, 0, 0, 
4.6, -5.66183e-10, -4.40735e-08, 1.22376e-05, 0, 0, 0, 
4.608, -5.66183e-10, -4.40735e-08, 1.22376e-05, 0, 0, 0, 
4.616, -5.66183e-10, -4.40735e-08, 1.22376e-05, 0, 0, 0, 
4.624, -5.66183e-10, -4.40735e-08, 1.22376e-05, 0, 0, 0, 
4.632, -5.66183e-10, -4.40735e-08, 1.22376e-05, 0, 0, 0, 
4.64, -5.66183e-10, -4.40735e-08, 1.22376e-05, 0, 0, 0, 
4.648, -5.66183e-10, -4.40735e-08, 1.22376e-05, 0, 0, 0, 
4.656, -5.66183e-10, -4.40735e-08, 1.22376e-05, 0, 0, 0, 
4.664, -5.66183e-10, -4.40735e-08, 1.22376e-05, 0, 0, 0, 
4.672, -5.66183e-10, -4.40735e-08, 1.22376e-05, 0, 0, 0, 
4.68, -5.66183e-10, -4.40735e-08, 1.22376e-05, 0, 0, 0, 
4.688, -5.66183e-10, -4.40735e-08, 1.22376e-05, 0, 0, 0, 
4.696, -5.66183e-10, -4.40735e-08, 1.22376e-05, 0, 0, 0, 
4.704, -5.66183e-10, -4.40735e-08, 1.22376e-05, 0, 0, 0, 
4.712, -5.66183e-10, -4.40735e-08, 1.22376e-05, 0, 0, 0, 
4.72, -5.66183e-10, -4.40735e-08, 1.22376e-05, 0, 0, 0, 
4.728, -5.66183e-10, -4.40735e-08, 1.22376e-05, 0, 0, 0, 
4.736, -5.66183e-10, -4.40735e-08, 1.22376e-05, 0, 0, 0, 
4.744, -5.66183e-10, -4.40735e-08, 1.22376e-05, 0, 0, 0, 
4.752, -5.66183e-10, -4.40735e-08, 1.22376e-05, 0, 0, 0, 
4.76, -5.66183e-10, -4.40735e-08, 1.22376e-05, 0, 0, 0, 
4.768, -5.66183e-10, -4.40735e-08, 1.22376e-05, 0, 0, 0, 
4.776, -5.66183e-10, -4.40735e-08, 1.22376e-05, 0, 0, 0, 
4.784, -5.66183e-10, -4.40735e-08, 1.22376e-05, 0, 0, 0, 
4.792, -5.66183e-10, -4.40735e-08, 1.22376e-05, 0, 0, 0, 
4.8, -5.66183e-10, -4.40735e-08, 1.22376e-05, 0, 0, 0, 
4.808, -5.66183e-10, -4.40735e-08, 1.22376e-05, 0, 0, 0, 
4.816, -5.66183e-10, -4.40735e-08, 1.22376e-05, 0, 0, 0, 
4.824, -5.66183e-10, -4.40735e-08, 1.22376e-05, 0, 0, 0, 
4.832, -5.66183e-10, -4.40735e-08, 1.22376e-05, 0, 0, 0, 
4.84, -5.66183e-10, -4.40735e-08, 1.22376e-05, 0, 0, 0, 
4.848, -5.66183e-10, -4.40735e-08, 1.22376e-05, 0, 0, 0, 
4.856, -5.66183e-10, -4.40735e-08, 1.22376e-05, 0, 0, 0, 
4.864, -5.66183e-10, -4.40735e-08, 1.22376e-05, 0, 0, 0, 
4.872, -5.66183e-10, -4.40735e-08, 1.22376e-05, 0, 0, 0, 
4.88, -5.66183e-10, -4.40735e-08, 1.22376e-05, 0, 0, 0, 
4.888, -5.66183e-10, -4.40735e-08, 1.22376e-05, 0, 0, 0, 
4.896, -5.66183e-10, -4.40735e-08, 1.22376e-05, 0, 0, 0, 
4.904, -5.66183e-10, -4.40735e-08, 1.22376e-05, 0, 0, 0, 
4.912, -5.66183e-10, -4.40735e-08, 1.22376e-05, 0, 0, 0, 
4.92, -5.66183e-10, -4.40735e-08, 1.22376e-05, 0, 0, 0, 
4.928, -5.66183e-10, -4.40735e-08, 1.22376e-05, 0, 0, 0, 
4.936, -5.66183e-10, -4.40735e-08, 1.22376e-05, 0, 0, 0, 
4.944, -5.66183e-10, -4.40735e-08, 1.22376e-05, 0, 0, 0, 
4.952, -5.66183e-10, -4.40735e-08, 1.22376e-05, 0, 0, 0, 
4.96, -5.66183e-10, -4.40735e-08, 1.22376e-05, 0, 0, 0, 
4.968, -5.66183e-10, -4.40735e-08, 1.22376e-05, 0, 0, 0, 
4.976, -5.66183e-10, -4.40735e-08, 1.22376e-05, 0, 0, 0, 
4.984, -5.66183e-10, -4.40735e-08, 1.22376e-05, 0, 0, 0, 
4.992, -5.66183e-10, -4.40735e-08, 1.22376e-05, 0, 0, 0, 
5, -5.66183e-10, -4.40735e-08, 1.22376e-05, 0, 0, 0, 
5.008, -5.66183e-10, -4.40735e-08, 1.22376e-05, 0, 0, 0, 
5.016, -5.66183e-10, -4.40735e-08, 1.22376e-05, 0, 0, 0, 
5.024, -5.66183e-10, -4.40735e-08, 1.22376e-05, 0, 0, 0, 
5.032, -5.66183e-10, -4.40735e-08, 1.22376e-05, 0, 0, 0, 
5.04, -5.66183e-10, -4.40735e-08, 1.22376e-05, 0, 0, 0, 
5.048, -5.66183e-10, -4.40735e-08, 1.22376e-05, 0, 0, 0, 
5.056, -5.66183e-10, -4.40735e-08, 1.22376e-05, 0, 0, 0, 
5.064, -5.66183e-10, -4.40735e-08, 1.22376e-05, 0, 0, 0, 
5.072, -5.66183e-10, -4.40735e-08, 1.22376e-05, 0, 0, 0, 
5.08, -5.66183e-10, -4.40735e-08, 1.22376e-05, 0, 0, 0, 
5.088, -5.66183e-10, -4.40735e-08, 1.22376e-05, 0, 0, 0, 
5.096, -5.66183e-10, -4.40735e-08, 1.22376e-05, 0, 0, 0, 
5.104, -5.66183e-10, -4.40735e-08, 1.22376e-05, 0, 0, 0, 
5.112, -5.66183e-10, -4.40735e-08, 1.22376e-05, 0, 0, 0, 
5.12, -5.66183e-10, -4.40735e-08, 1.22376e-05, 0, 0, 0, 
5.128, -5.66183e-10, -4.40735e-08, 1.22376e-05, 0, 0, 0, 
5.136, -5.66183e-10, -4.40735e-08, 1.22376e-05, 0, 0, 0, 
5.144, -5.66183e-10, -4.40735e-08, 1.22376e-05, 0, 0, 0, 
5.152, -5.66183e-10, -4.40735e-08, 1.22376e-05, 0, 0, 0, 
5.16, -5.66183e-10, -4.40735e-08, 1.22376e-05, 0, 0, 0, 
5.168, -5.66183e-10, -4.40735e-08, 1.22376e-05, 0, 0, 0, 
5.176, -5.66183e-10, -4.40735e-08, 1.22376e-05, 0, 0, 0, 
5.184, -5.66183e-10, -4.40735e-08, 1.22376e-05, 0, 0, 0, 
5.192, -5.66183e-10, -4.40735e-08, 1.22376e-05, 0, 0, 0, 
5.2, -5.66183e-10, -4.40735e-08, 1.22376e-05, 0, 0, 0, 
5.208, -5.66183e-10, -4.40735e-08, 1.22376e-05, 0, 0, 0, 
5.216, -5.66183e-10, -4.40735e-08, 1.22376e-05, 0, 0, 0, 
5.224, -5.66183e-10, -4.40735e-08, 1.22376e-05, 0, 0, 0, 
5.232, -5.66183e-10, -4.40735e-08, 1.22376e-05, 0, 0, 0, 
5.24, -5.66183e-10, -4.40735e-08, 1.22376e-05, 0, 0, 0, 
5.248, -5.66183e-10, -4.40735e-08, 1.22376e-05, 0, 0, 0, 
5.256, -5.66183e-10, -4.40735e-08, 1.22376e-05, 0, 0, 0, 
5.264, -5.66183e-10, -4.40735e-08, 1.22376e-05, 0, 0, 0, 
5.272, -5.66183e-10, -4.40735e-08, 1.22376e-05, 0, 0, 0, 
5.28, -5.66183e-10, -4.40735e-08, 1.22376e-05, 0, 0, 0, 
5.288, -5.66183e-10, -4.40735e-08, 1.22376e-05, 0, 0, 0, 
5.296, -5.66183e-10, -4.40735e-08, 1.22376e-05, 0, 0, 0, 
5.304, -5.66183e-10, -4.40735e-08, 1.22376e-05, 0, 0, 0, 
5.312, -5.66183e-10, -4.40735e-08, 1.22376e-05, 0, 0, 0, 
5.32, -5.66183e-10, -4.40735e-08, 1.22376e-05, 0, 0, 0, 
5.328, -5.66183e-10, -4.40735e-08, 1.22376e-05, 0, 0, 0, 
5.336, -5.66183e-10, -4.40735e-08, 1.22376e-05, 0, 0, 0, 
5.344, -5.66183e-10, -4.40735e-08, 1.22376e-05, 0, 0, 0, 
5.352, -5.66183e-10, -4.40735e-08, 1.22376e-05, 0, 0, 0, 
5.36, -5.66183e-10, -4.40735e-08, 1.22376e-05, 0, 0, 0, 
5.368, -5.66183e-10, -4.40735e-08, 1.22376e-05, 0, 0, 0, 
5.376, -5.66183e-10, -4.40735e-08, 1.22376e-05, 0, 0, 0, 
5.384, -5.66183e-10, -4.40735e-08, 1.22376e-05, 0, 0, 0, 
5.392, -5.66183e-10, -4.40735e-08, 1.22376e-05, 0, 0, 0, 
5.4, -5.66183e-10, -4.40735e-08, 1.22376e-05, 0, 0, 0, 
5.408, -5.66183e-10, -4.40735e-08, 1.22376e-05, 0, 0, 0, 
5.416, -5.66183e-10, -4.40735e-08, 1.22376e-05, 0, 0, 0, 
5.424, -5.66183e-10, -4.40735e-08, 1.22376e-05, 0, 0, 0, 
5.432, -5.66183e-10, -4.40735e-08, 1.22376e-05, 0, 0, 0, 
5.44, -5.66183e-10, -4.40735e-08, 1.22376e-05, 0, 0, 0, 
5.448, -5.66183e-10, -4.40735e-08, 1.22376e-05, 0, 0, 0, 
5.456, -5.66183e-10, -4.40735e-08, 1.22376e-05, 0, 0, 0, 
5.464, -5.66183e-10, -4.40735e-08, 1.22376e-05, 0, 0, 0, 
5.472, -5.66183e-10, -4.40735e-08, 1.22376e-05, 0, 0, 0, 
5.48, -5.66183e-10, -4.40735e-08, 1.22376e-05, 0, 0, 0, 
5.488, -5.66183e-10, -4.40735e-08, 1.22376e-05, 0, 0, 0, 
5.496, -5.66183e-10, -4.40735e-08, 1.22376e-05, 0, 0, 0, 
5.504, -5.66183e-10, -4.40735e-08, 1.22376e-05, 0, 0, 0, 
5.512, -5.66183e-10, -4.40735e-08, 1.22376e-05, 0, 0, 0, 
5.52, -5.66183e-10, -4.40735e-08, 1.22376e-05, 0, 0, 0, 
5.528, -5.66183e-10, -4.40735e-08, 1.22376e-05, 0, 0, 0, 
5.536, -5.66183e-10, -4.40735e-08, 1.22376e-05, 0, 0, 0, 
5.544, -5.66183e-10, -4.40735e-08, 1.22376e-05, 0, 0, 0, 
5.552, -5.66183e-10, -4.40735e-08, 1.22376e-05, 0, 0, 0, 
5.56, -5.66183e-10, -4.40735e-08, 1.22376e-05, 0, 0, 0, 
5.568, -5.66183e-10, -4.40735e-08, 1.22376e-05, 0, 0, 0, 
5.576, -5.66183e-10, -4.40735e-08, 1.22376e-05, 0, 0, 0, 
5.584, -5.66183e-10, -4.40735e-08, 1.22376e-05, 0, 0, 0, 
5.592, -5.66183e-10, -4.40735e-08, 1.22376e-05, 0, 0, 0, 
5.6, -5.66183e-10, -4.40735e-08, 1.22376e-05, 0, 0, 0, 
5.608, -5.66183e-10, -4.40735e-08, 1.22376e-05, 0, 0, 0, 
5.616, -5.66183e-10, -4.40735e-08, 1.22376e-05, 0, 0, 0, 
5.624, -5.66183e-10, -4.40735e-08, 1.22376e-05, 0, 0, 0, 
5.632, -5.66183e-10, -4.40735e-08, 1.22376e-05, 0, 0, 0, 
5.64, -5.66183e-10, -4.40735e-08, 1.22376e-05, 0, 0, 0, 
5.648, -5.66183e-10, -4.40735e-08, 1.22376e-05, 0, 0, 0, 
5.656, -5.66183e-10, -4.40735e-08, 1.22376e-05, 0, 0, 0, 
5.664, -5.66183e-10, -4.40735e-08, 1.22376e-05, 0, 0, 0, 
5.672, -5.66183e-10, -4.40735e-08, 1.22376e-05, 0, 0, 0, 
5.68, -5.66183e-10, -4.40735e-08, 1.22376e-05, 0, 0, 0, 
5.688, -5.66183e-10, -4.40735e-08, 1.22376e-05, 0, 0, 0, 
5.696, -5.66183e-10, -4.40735e-08, 1.22376e-05, 0, 0, 0, 
5.704, -5.66183e-10, -4.40735e-08, 1.22376e-05, 0, 0, 0, 
5.712, -5.66183e-10, -4.40735e-08, 1.22376e-05, 0, 0, 0, 
5.72, -5.66183e-10, -4.40735e-08, 1.22376e-05, 0, 0, 0, 
5.728, -5.66183e-10, -4.40735e-08, 1.22376e-05, 0, 0, 0, 
5.736, -5.66183e-10, -4.40735e-08, 1.22376e-05, 0, 0, 0, 
5.744, -5.66183e-10, -4.40735e-08, 1.22376e-05, 0, 0, 0, 
5.752, -5.66183e-10, -4.40735e-08, 1.22376e-05, 0, 0, 0, 
5.76, -5.66183e-10, -4.40735e-08, 1.22376e-05, 0, 0, 0, 
5.768, -5.66183e-10, -4.40735e-08, 1.22376e-05, 0, 0, 0, 
5.776, -5.66183e-10, -4.40735e-08, 1.22376e-05, 0, 0, 0, 
5.784, -5.66183e-10, -4.40735e-08, 1.22376e-05, 0, 0, 0, 
5.792, -5.66183e-10, -4.40735e-08, 1.22376e-05, 0, 0, 0, 
5.8, -5.66183e-10, -4.40735e-08, 1.22376e-05, 0, 0, 0, 
5.808, -5.66183e-10, -4.40735e-08, 1.22376e-05, 0, 0, 0, 
5.816, -5.66183e-10, -4.40735e-08, 1.22376e-05, 0, 0, 0, 
5.824, -5.66183e-10, -4.40735e-08, 1.22376e-05, 0, 0, 0, 
5.832, -5.66183e-10, -4.40735e-08, 1.22376e-05, 0, 0, 0, 
5.84, -5.66183e-10, -4.40735e-08, 1.22376e-05, 0, 0, 0, 
5.848, -5.66183e-10, -4.40735e-08, 1.22376e-05, 0, 0, 0, 
5.856, -5.66183e-10, -4.40735e-08, 1.22376e-05, 0, 0, 0, 
5.864, -5.66183e-10, -4.40735e-08, 1.22376e-05, 0, 0, 0, 
5.872, -5.66183e-10, -4.40735e-08, 1.22376e-05, 0, 0, 0, 
5.88, -5.66183e-10, -4.40735e-08, 1.22376e-05, 0, 0, 0, 
5.888, -5.66183e-10, -4.40735e-08, 1.22376e-05, 0, 0, 0, 
5.896, -5.66183e-10, -4.40735e-08, 1.22376e-05, 0, 0, 0, 
5.904, -5.66183e-10, -4.40735e-08, 1.22376e-05, 0, 0, 0, 
5.912, -5.66183e-10, -4.40735e-08, 1.22376e-05, 0, 0, 0, 
5.92, -5.66183e-10, -4.40735e-08, 1.22376e-05, 0, 0, 0, 
5.928, -5.66183e-10, -4.40735e-08, 1.22376e-05, 0, 0, 0, 
5.936, -5.66183e-10, -4.40735e-08, 1.22376e-05, 0, 0, 0, 
5.944, -5.66183e-10, -4.40735e-08, 1.22376e-05, 0, 0, 0, 
5.952, -5.66183e-10, -4.40735e-08, 1.22376e-05, 0, 0, 0, 
5.96, -5.66183e-10, -4.40735e-08, 1.22376e-05, 0, 0, 0, 
5.968, -5.66183e-10, -4.40735e-08, 1.22376e-05, 0, 0, 0, 
5.976, -5.66183e-10, -4.40735e-08, 1.22376e-05, 0, 0, 0, 
5.984, -5.66183e-10, -4.40735e-08, 1.22376e-05, 0, 0, 0, 
5.992, -5.66183e-10, -4.40735e-08, 1.22376e-05, 0, 0, 0, 
6, -5.66183e-10, -4.40735e-08, 1.22376e-05, 0, 0, 0, 
6.008, -5.66183e-10, -4.40735e-08, 1.22376e-05, 0, 0, 0, 
6.016, -5.66183e-10, -4.40735e-08, 1.22376e-05, 0, 0, 0, 
6.024, -5.66183e-10, -4.40735e-08, 1.22376e-05, 0, 0, 0, 
6.032, -5.66183e-10, -4.40735e-08, 1.22376e-05, 0, 0, 0, 
6.04, -5.66183e-10, -4.40735e-08, 1.22376e-05, 0, 0, 0, 
6.048, -5.66183e-10, -4.40735e-08, 1.22376e-05, 0, 0, 0, 
6.056, -5.66183e-10, -4.40735e-08, 1.22376e-05, 0, 0, 0, 
6.064, -5.66183e-10, -4.40735e-08, 1.22376e-05, 0, 0, 0, 
6.072, -5.66183e-10, -4.40735e-08, 1.22376e-05, 0, 0, 0, 
6.08, -5.66183e-10, -4.40735e-08, 1.22376e-05, 0, 0, 0, 
6.088, -5.66183e-10, -4.40735e-08, 1.22376e-05, 0, 0, 0, 
6.096, -5.66183e-10, -4.40735e-08, 1.22376e-05, 0, 0, 0, 
6.104, -5.66183e-10, -4.40735e-08, 1.22376e-05, 0, 0, 0, 
6.112, -5.66183e-10, -4.40735e-08, 1.22376e-05, 0, 0, 0, 
6.12, -5.66183e-10, -4.40735e-08, 1.22376e-05, 0, 0, 0, 
6.128, -5.66183e-10, -4.40735e-08, 1.22376e-05, 0, 0, 0, 
6.136, -5.66183e-10, -4.40735e-08, 1.22376e-05, 0, 0, 0, 
6.144, -5.66183e-10, -4.40735e-08, 1.22376e-05, 0, 0, 0, 
6.152, -5.66183e-10, -4.40735e-08, 1.22376e-05, 0, 0, 0, 
6.16, -5.66183e-10, -4.40735e-08, 1.22376e-05, 0, 0, 0, 
6.168, -5.66183e-10, -4.40735e-08, 1.22376e-05, 0, 0, 0, 
6.176, -5.66183e-10, -4.40735e-08, 1.22376e-05, 0, 0, 0, 
6.184, -5.66183e-10, -4.40735e-08, 1.22376e-05, 0, 0, 0, 
6.192, -5.66183e-10, -4.40735e-08, 1.22376e-05, 0, 0, 0, 
6.2, -5.66183e-10, -4.40735e-08, 1.22376e-05, 0, 0, 0, 
6.208, -5.66183e-10, -4.40735e-08, 1.22376e-05, 0, 0, 0, 
6.216, -5.66183e-10, -4.40735e-08, 1.22376e-05, 0, 0, 0, 
6.224, -5.66183e-10, -4.40735e-08, 1.22376e-05, 0, 0, 0, 
6.232, -5.66183e-10, -4.40735e-08, 1.22376e-05, 0, 0, 0, 
6.24, -5.66183e-10, -4.40735e-08, 1.22376e-05, 0, 0, 0, 
6.248, -5.66183e-10, -4.40735e-08, 1.22376e-05, 0, 0, 0, 
6.256, -5.66183e-10, -4.40735e-08, 1.22376e-05, 0, 0, 0, 
6.264, -5.66183e-10, -4.40735e-08, 1.22376e-05, 0, 0, 0, 
6.272, -5.66183e-10, -4.40735e-08, 1.22376e-05, 0, 0, 0, 
6.28, -5.66183e-10, -4.40735e-08, 1.22376e-05, 0, 0, 0, 
6.288, -5.66183e-10, -4.40735e-08, 1.22376e-05, 0, 0, 0, 
6.296, -5.66183e-10, -4.40735e-08, 1.22376e-05, 0, 0, 0, 
6.304, -5.66183e-10, -4.40735e-08, 1.22376e-05, 0, 0, 0, 
6.312, -5.66183e-10, -4.40735e-08, 1.22376e-05, 0, 0, 0, 
6.32, -5.66183e-10, -4.40735e-08, 1.22376e-05, 0, 0, 0, 
6.328, -5.66183e-10, -4.40735e-08, 1.22376e-05, 0, 0, 0, 
6.336, -5.66183e-10, -4.40735e-08, 1.22376e-05, 0, 0, 0, 
6.344, -5.66183e-10, -4.40735e-08, 1.22376e-05, 0, 0, 0, 
6.352, -5.66183e-10, -4.40735e-08, 1.22376e-05, 0, 0, 0, 
6.36, -5.66183e-10, -4.40735e-08, 1.22376e-05, 0, 0, 0, 
6.368, -5.66183e-10, -4.40735e-08, 1.22376e-05, 0, 0, 0, 
6.376, -5.66183e-10, -4.40735e-08, 1.22376e-05, 0, 0, 0, 
6.384, -5.66183e-10, -4.40735e-08, 1.22376e-05, 0, 0, 0, 
6.392, -5.66183e-10, -4.40735e-08, 1.22376e-05, 0, 0, 0, 
6.4, -5.66183e-10, -4.40735e-08, 1.22376e-05, 0, 0, 0, 
6.408, -5.66183e-10, -4.40735e-08, 1.22376e-05, 0, 0, 0, 
6.416, -5.66183e-10, -4.40735e-08, 1.22376e-05, 0, 0, 0, 
6.424, -5.66183e-10, -4.40735e-08, 1.22376e-05, 0, 0, 0, 
6.432, -5.66183e-10, -4.40735e-08, 1.22376e-05, 0, 0, 0, 
6.44, -5.66183e-10, -4.40735e-08, 1.22376e-05, 0, 0, 0, 
6.448, -5.66183e-10, -4.40735e-08, 1.22376e-05, 0, 0, 0, 
6.456, -5.66183e-10, -4.40735e-08, 1.22376e-05, 0, 0, 0, 
6.464, -5.66183e-10, -4.40735e-08, 1.22376e-05, 0, 0, 0, 
6.472, -5.66183e-10, -4.40735e-08, 1.22376e-05, 0, 0, 0, 
6.48, -5.66183e-10, -4.40735e-08, 1.22376e-05, 0, 0, 0, 
6.488, -5.66183e-10, -4.40735e-08, 1.22376e-05, 0, 0, 0, 
6.496, -5.66183e-10, -4.40735e-08, 1.22376e-05, 0, 0, 0, 
6.504, -5.66183e-10, -4.40735e-08, 1.22376e-05, 0, 0, 0, 
6.512, -5.66183e-10, -4.40735e-08, 1.22376e-05, 0, 0, 0, 
6.52, -5.66183e-10, -4.40735e-08, 1.22376e-05, 0, 0, 0, 
6.528, -5.66183e-10, -4.40735e-08, 1.22376e-05, 0, 0, 0, 
6.536, -5.66183e-10, -4.40735e-08, 1.22376e-05, 0, 0, 0, 
6.544, -5.66183e-10, -4.40735e-08, 1.22376e-05, 0, 0, 0, 
6.552, -5.66183e-10, -4.40735e-08, 1.22376e-05, 0, 0, 0, 
6.56, -5.66183e-10, -4.40735e-08, 1.22376e-05, 0, 0, 0, 
6.568, -5.66183e-10, -4.40735e-08, 1.22376e-05, 0, 0, 0, 
6.576, -5.66183e-10, -4.40735e-08, 1.22376e-05, 0, 0, 0, 
6.584, -5.66183e-10, -4.40735e-08, 1.22376e-05, 0, 0, 0, 
6.592, -5.66183e-10, -4.40735e-08, 1.22376e-05, 0, 0, 0, 
6.6, -5.66183e-10, -4.40735e-08, 1.22376e-05, 0, 0, 0, 
6.608, -5.66183e-10, -4.40735e-08, 1.22376e-05, 0, 0, 0, 
6.616, -5.66183e-10, -4.40735e-08, 1.22376e-05, 0, 0, 0, 
6.624, -5.66183e-10, -4.40735e-08, 1.22376e-05, 0, 0, 0, 
6.632, -5.66183e-10, -4.40735e-08, 1.22376e-05, 0, 0, 0, 
6.64, -5.66183e-10, -4.40735e-08, 1.22376e-05, 0, 0, 0, 
6.648, -5.66183e-10, -4.40735e-08, 1.22376e-05, 0, 0, 0, 
6.656, -5.66183e-10, -4.40735e-08, 1.22376e-05, 0, 0, 0, 
6.664, -5.66183e-10, -4.40735e-08, 1.22376e-05, 0, 0, 0, 
6.672, -5.66183e-10, -4.40735e-08, 1.22376e-05, 0, 0, 0, 
6.68, -5.66183e-10, -4.40735e-08, 1.22376e-05, 0, 0, 0, 
6.688, -5.66183e-10, -4.40735e-08, 1.22376e-05, 0, 0, 0, 
6.696, -5.66183e-10, -4.40735e-08, 1.22376e-05, 0, 0, 0, 
6.704, -5.66183e-10, -4.40735e-08, 1.22376e-05, 0, 0, 0, 
6.712, -5.66183e-10, -4.40735e-08, 1.22376e-05, 0, 0, 0, 
6.72, -5.66183e-10, -4.40735e-08, 1.22376e-05, 0, 0, 0, 
6.728, -5.66183e-10, -4.40735e-08, 1.22376e-05, 0, 0, 0, 
6.736, -5.66183e-10, -4.40735e-08, 1.22376e-05, 0, 0, 0, 
6.744, -5.66183e-10, -4.40735e-08, 1.22376e-05, 0, 0, 0, 
6.752, -5.66183e-10, -4.40735e-08, 1.22376e-05, 0, 0, 0, 
6.76, -5.66183e-10, -4.40735e-08, 1.22376e-05, 0, 0, 0, 
6.768, -5.66183e-10, -4.40735e-08, 1.22376e-05, 0, 0, 0, 
6.776, -5.66183e-10, -4.40735e-08, 1.22376e-05, 0, 0, 0, 
6.784, -5.66183e-10, -4.40735e-08, 1.22376e-05, 0, 0, 0, 
6.792, -5.66183e-10, -4.40735e-08, 1.22376e-05, 0, 0, 0, 
6.8, -5.66183e-10, -4.40735e-08, 1.22376e-05, 0, 0, 0, 
6.808, -5.66183e-10, -4.40735e-08, 1.22376e-05, 0, 0, 0, 
6.816, -5.66183e-10, -4.40735e-08, 1.22376e-05, 0, 0, 0, 
6.824, -5.66183e-10, -4.40735e-08, 1.22376e-05, 0, 0, 0, 
6.832, -5.66183e-10, -4.40735e-08, 1.22376e-05, 0, 0, 0, 
6.84, -5.66183e-10, -4.40735e-08, 1.22376e-05, 0, 0, 0, 
6.848, -5.66183e-10, -4.40735e-08, 1.22376e-05, 0, 0, 0, 
6.856, -5.66183e-10, -4.40735e-08, 1.22376e-05, 0, 0, 0, 
6.864, -5.66183e-10, -4.40735e-08, 1.22376e-05, 0, 0, 0, 
6.872, -5.66183e-10, -4.40735e-08, 1.22376e-05, 0, 0, 0, 
6.88, -5.66183e-10, -4.40735e-08, 1.22376e-05, 0, 0, 0, 
6.888, -5.66183e-10, -4.40735e-08, 1.22376e-05, 0, 0, 0, 
6.896, -5.66183e-10, -4.40735e-08, 1.22376e-05, 0, 0, 0, 
6.904, -5.66183e-10, -4.40735e-08, 1.22376e-05, 0, 0, 0, 
6.912, -5.66183e-10, -4.40735e-08, 1.22376e-05, 0, 0, 0, 
6.92, -5.66183e-10, -4.40735e-08, 1.22376e-05, 0, 0, 0, 
6.928, -5.66183e-10, -4.40735e-08, 1.22376e-05, 0, 0, 0, 
6.936, -5.66183e-10, -4.40735e-08, 1.22376e-05, 0, 0, 0, 
6.944, -5.66183e-10, -4.40735e-08, 1.22376e-05, 0, 0, 0, 
6.952, -5.66183e-10, -4.40735e-08, 1.22376e-05, 0, 0, 0, 
6.96, -5.66183e-10, -4.40735e-08, 1.22376e-05, 0, 0, 0, 
6.968, -5.66183e-10, -4.40735e-08, 1.22376e-05, 0, 0, 0, 
6.976, -5.66183e-10, -4.40735e-08, 1.22376e-05, 0, 0, 0, 
6.984, -5.66183e-10, -4.40735e-08, 1.22376e-05, 0, 0, 0, 
6.992, -5.66183e-10, -4.40735e-08, 1.22376e-05, 0, 0, 0, 
7, -5.66183e-10, -4.40735e-08, 1.22376e-05, 0, 0, 0, 
7.008, -5.66183e-10, -4.40735e-08, 1.22376e-05, 0, 0, 0, 
7.016, -5.66183e-10, -4.40735e-08, 1.22376e-05, 0, 0, 0, 
7.024, -5.66183e-10, -4.40735e-08, 1.22376e-05, 0, 0, 0, 
7.032, -5.66183e-10, -4.40735e-08, 1.22376e-05, 0, 0, 0, 
7.04, -5.66183e-10, -4.40735e-08, 1.22376e-05, 0, 0, 0, 
7.048, -5.66183e-10, -4.40735e-08, 1.22376e-05, 0, 0, 0, 
7.056, -5.66183e-10, -4.40735e-08, 1.22376e-05, 0, 0, 0, 
7.064, -5.66183e-10, -4.40735e-08, 1.22376e-05, 0, 0, 0, 
7.072, -5.66183e-10, -4.40735e-08, 1.22376e-05, 0, 0, 0, 
7.08, -5.66183e-10, -4.40735e-08, 1.22376e-05, 0, 0, 0, 
7.088, -5.66183e-10, -4.40735e-08, 1.22376e-05, 0, 0, 0, 
7.096, -5.66183e-10, -4.40735e-08, 1.22376e-05, 0, 0, 0, 
7.104, -5.66183e-10, -4.40735e-08, 1.22376e-05, 0, 0, 0, 
7.112, -5.66183e-10, -4.40735e-08, 1.22376e-05, 0, 0, 0, 
7.12, -5.66183e-10, -4.40735e-08, 1.22376e-05, 0, 0, 0, 
7.128, -5.66183e-10, -4.40735e-08, 1.22376e-05, 0, 0, 0, 
7.136, -5.66183e-10, -4.40735e-08, 1.22376e-05, 0, 0, 0, 
7.144, -5.66183e-10, -4.40735e-08, 1.22376e-05, 0, 0, 0, 
7.152, -5.66183e-10, -4.40735e-08, 1.22376e-05, 0, 0, 0, 
7.16, -5.66183e-10, -4.40735e-08, 1.22376e-05, 0, 0, 0, 
7.168, -5.66183e-10, -4.40735e-08, 1.22376e-05, 0, 0, 0, 
7.176, -5.66183e-10, -4.40735e-08, 1.22376e-05, 0, 0, 0, 
7.184, -5.66183e-10, -4.40735e-08, 1.22376e-05, 0, 0, 0, 
7.192, -5.66183e-10, -4.40735e-08, 1.22376e-05, 0, 0, 0, 
